type,name,module,path,hash
"csv","agent-manifest","_config","_config/agent-manifest.csv","6e95f4c8c60e48bc95346372850291506534bba082a8f9dca5eed4b5f2d6431a"
"yaml","manifest","_config","_config/manifest.yaml","aa3ab534508198dc9d04b1f46d6571a3cd313a7a0d57fc30fe5ba54ef63c1941"
"csv","documentation-requirements","bmm","bmm/1-analysis/bmad-document-project/documentation-requirements.csv","d1253b99e88250f2130516b56027ed706e643bfec3d99316727a4c6ec65c6c1d"
"csv","domain-complexity","bmm","bmm/2-plan-workflows/bmad-create-prd/data/domain-complexity.csv","f775f09fb4dc1b9214ca22db4a3994ce53343d976d7f6e5384949835db6d2770"
"csv","domain-complexity","bmm","bmm/2-plan-workflows/bmad-validate-prd/data/domain-complexity.csv","f775f09fb4dc1b9214ca22db4a3994ce53343d976d7f6e5384949835db6d2770"
"csv","domain-complexity","bmm","bmm/2-plan-workflows/create-prd/data/domain-complexity.csv","f775f09fb4dc1b9214ca22db4a3994ce53343d976d7f6e5384949835db6d2770"
"csv","domain-complexity","bmm","bmm/3-solutioning/bmad-create-architecture/data/domain-complexity.csv","3dc34ed39f1fc79a51f7b8fc92087edb7cd85c4393a891d220f2e8dd5a101c70"
"csv","module-help","bmm","bmm/module-help.csv","ad71cf7e25bbc28fcd191f65b2d7792836c2821ac4555332f49862ed1fdce5cb"
"csv","project-types","bmm","bmm/2-plan-workflows/bmad-create-prd/data/project-types.csv","7a01d336e940fb7a59ff450064fd1194cdedda316370d939264a0a0adcc0aca3"
"csv","project-types","bmm","bmm/2-plan-workflows/bmad-validate-prd/data/project-types.csv","7a01d336e940fb7a59ff450064fd1194cdedda316370d939264a0a0adcc0aca3"
"csv","project-types","bmm","bmm/2-plan-workflows/create-prd/data/project-types.csv","7a01d336e940fb7a59ff450064fd1194cdedda316370d939264a0a0adcc0aca3"
"csv","project-types","bmm","bmm/3-solutioning/bmad-create-architecture/data/project-types.csv","12343635a2f11343edb1d46906981d6f5e12b9cad2f612e13b09460b5e5106e7"
"json","bmad-manifest","bmm","bmm/1-analysis/bmad-product-brief/bmad-manifest.json","692d2c28e128e5b79ec9e321e8106fa34a314bf8f5581d7ab99b876d2d3ab070"
"json","project-scan-report-schema","bmm","bmm/1-analysis/bmad-document-project/templates/project-scan-report-schema.json","8466965321f1db22f5013869636199f67e0113706283c285a7ffbbf5efeea321"
"md","architecture-decision-template","bmm","bmm/3-solutioning/bmad-create-architecture/architecture-decision-template.md","5d9adf90c28df61031079280fd2e49998ec3b44fb3757c6a202cda353e172e9f"
"md","artifact-analyzer","bmm","bmm/1-analysis/bmad-product-brief/agents/artifact-analyzer.md","dcd8c4bb367fa48ff99c26565d164323b2ae057b09642ba7d1fda1683262be2d"
"md","brief-template","bmm","bmm/1-analysis/bmad-product-brief/resources/brief-template.md","d42f0ef6b154b5c314090be393febabd61de3d8de1ecf926124d40d418552b4b"
"md","checklist","bmm","bmm/1-analysis/bmad-document-project/checklist.md","581b0b034c25de17ac3678db2dbafedaeb113de37ddf15a4df6584cf2324a7d7"
"md","checklist","bmm","bmm/4-implementation/bmad-correct-course/checklist.md","d068cfc00d8e4a6bb52172a90eb2e7a47f2441ffb32cdee15eeca220433284a3"
"md","checklist","bmm","bmm/4-implementation/bmad-create-story/checklist.md","b94e28e774c3be0288f04ea163424bece4ddead5cd3f3680d1603ed07383323a"
"md","checklist","bmm","bmm/4-implementation/bmad-dev-story/checklist.md","630b68c6824a8785003a65553c1f335222b17be93b1bd80524c23b38bde1d8af"
"md","checklist","bmm","bmm/4-implementation/bmad-qa-generate-e2e-tests/checklist.md","83cd779c6527ff34184dc86f9eebfc0a8a921aee694f063208aee78f80a8fb12"
"md","checklist","bmm","bmm/4-implementation/bmad-sprint-planning/checklist.md","80b10aedcf88ab1641b8e5f99c9a400c8fd9014f13ca65befc5c83992e367dd7"
"md","contextual-discovery","bmm","bmm/1-analysis/bmad-product-brief/prompts/contextual-discovery.md","96e1cbe24bece94e8a81b7966cb2dd470472aded69dcf906f4251db74dd72a03"
"md","deep-dive-instructions","bmm","bmm/1-analysis/bmad-document-project/workflows/deep-dive-instructions.md","da91056a0973a040fe30c2c0be074e5805b869a9a403b960983157e876427306"
"md","deep-dive-template","bmm","bmm/1-analysis/bmad-document-project/templates/deep-dive-template.md","6198aa731d87d6a318b5b8d180fc29b9aa53ff0966e02391c17333818e94ffe9"
"md","deep-dive-workflow","bmm","bmm/1-analysis/bmad-document-project/workflows/deep-dive-workflow.md","a64d98dfa3b771df2853c4fa19a4e9c90d131e409e13b4c6f5e494d6ac715125"
"md","discover-inputs","bmm","bmm/4-implementation/bmad-create-story/discover-inputs.md","dfedba6a8ea05c9a91c6d202c4b29ee3ea793d8ef77575034787ae0fef280507"
"md","draft-and-review","bmm","bmm/1-analysis/bmad-product-brief/prompts/draft-and-review.md","ab191df10103561a9ab7ed5c8f29a8ec4fce25e4459da8e9f3ec759f236f4976"
"md","epics-template","bmm","bmm/3-solutioning/bmad-create-epics-and-stories/templates/epics-template.md","a804f740155156d89661fa04e7a4264a8f712c4dc227c44fd8ae804a9b0f6b72"
"md","explain-concept","bmm","bmm/1-analysis/bmad-agent-tech-writer/explain-concept.md","6ea82dbe4e41d4bb8880cbaa62d936e40cef18f8c038be73ae6e09c462abafc9"
"md","finalize","bmm","bmm/1-analysis/bmad-product-brief/prompts/finalize.md","ca6d125ff9b536c9e7737c7b4a308ae4ec622ee7ccdc6c4c4abc8561089295ee"
"md","full-scan-instructions","bmm","bmm/1-analysis/bmad-document-project/workflows/full-scan-instructions.md","0544abae2476945168acb0ed48dd8b3420ae173cf46194fe77d226b3b5e7d7ae"
"md","full-scan-workflow","bmm","bmm/1-analysis/bmad-document-project/workflows/full-scan-workflow.md","3bff88a392c16602bd44730f32483505e73e65e46e82768809c13a0a5f55608b"
"md","guided-elicitation","bmm","bmm/1-analysis/bmad-product-brief/prompts/guided-elicitation.md","445b7fafb5c1c35a238958d015d413c71ebb8fd3e29dc59d9d68fb581546ee54"
"md","index-template","bmm","bmm/1-analysis/bmad-document-project/templates/index-template.md","42c8a14f53088e4fda82f26a3fe41dc8a89d4bcb7a9659dd696136378b64ee90"
"md","instructions","bmm","bmm/1-analysis/bmad-document-project/instructions.md","9f4bc3a46559ffd44289b0d61a0f8f26f829783aa1c0e2a09dfa807fa93eb12f"
"md","mermaid-gen","bmm","bmm/1-analysis/bmad-agent-tech-writer/mermaid-gen.md","1d83fcc5fa842bc31ecd9fd7e45fbf013fabcadf0022d3391fff5b53b48e4b5d"
"md","opportunity-reviewer","bmm","bmm/1-analysis/bmad-product-brief/agents/opportunity-reviewer.md","3b6d770c45962397bfecce5d4b001b03fc0e577aa75f7932084b56efe41edc07"
"md","prd-purpose","bmm","bmm/2-plan-workflows/bmad-create-prd/data/prd-purpose.md","49c4641b91504bb14e3887029b70beacaff83a2de200ced4f8cb11c1356ecaee"
"md","prd-purpose","bmm","bmm/2-plan-workflows/bmad-validate-prd/data/prd-purpose.md","49c4641b91504bb14e3887029b70beacaff83a2de200ced4f8cb11c1356ecaee"
"md","prd-purpose","bmm","bmm/2-plan-workflows/create-prd/data/prd-purpose.md","49c4641b91504bb14e3887029b70beacaff83a2de200ced4f8cb11c1356ecaee"
"md","prd-template","bmm","bmm/2-plan-workflows/bmad-create-prd/templates/prd-template.md","7ccccab9c06a626b7a228783b0b9b6e4172e9ec0b10d47bbfab56958c898f837"
"md","project-context-template","bmm","bmm/3-solutioning/bmad-generate-project-context/project-context-template.md","54e351394ceceb0ac4b5b8135bb6295cf2c37f739c7fd11bb895ca16d79824a5"
"md","project-overview-template","bmm","bmm/1-analysis/bmad-document-project/templates/project-overview-template.md","a7c7325b75a5a678dca391b9b69b1e3409cfbe6da95e70443ed3ace164e287b2"
"md","readiness-report-template","bmm","bmm/3-solutioning/bmad-check-implementation-readiness/templates/readiness-report-template.md","0da97ab1e38818e642f36dc0ef24d2dae69fc6e0be59924dc2dbf44329738ff6"
"md","research.template","bmm","bmm/1-analysis/research/bmad-domain-research/research.template.md","507bb6729476246b1ca2fca4693986d286a33af5529b6cd5cb1b0bb5ea9926ce"
"md","research.template","bmm","bmm/1-analysis/research/bmad-market-research/research.template.md","507bb6729476246b1ca2fca4693986d286a33af5529b6cd5cb1b0bb5ea9926ce"
"md","research.template","bmm","bmm/1-analysis/research/bmad-technical-research/research.template.md","507bb6729476246b1ca2fca4693986d286a33af5529b6cd5cb1b0bb5ea9926ce"
"md","skeptic-reviewer","bmm","bmm/1-analysis/bmad-product-brief/agents/skeptic-reviewer.md","fc1642dff30b49032db63f6518c5b34d3932c9efefaea2681186eb963b207b97"
"md","SKILL","bmm","bmm/1-analysis/bmad-agent-analyst/SKILL.md","c3188cf154cea26180baa9e0718a071fcb83d29aa881d9e9b76dbb01890ece81"
"md","SKILL","bmm","bmm/1-analysis/bmad-agent-tech-writer/SKILL.md","ecac70770f81480a43ac843d11d497800090219a34f7666cd8b2f501be297f88"
"md","SKILL","bmm","bmm/1-analysis/bmad-document-project/SKILL.md","f4020613aec74bfeed2661265df35bb8a6f5ef9478c013182e6b5493bed5ce75"
"md","SKILL","bmm","bmm/1-analysis/bmad-product-brief/SKILL.md","0324676e912b28089314836f15c8da012e9fd83cddd4ea1cb7a781688f2e8dbd"
"md","SKILL","bmm","bmm/1-analysis/research/bmad-domain-research/SKILL.md","7b23a45014c45d58616fa24471b9cb315ec5d2b1e4022bc4b9ca83b2dee5588a"
"md","SKILL","bmm","bmm/1-analysis/research/bmad-market-research/SKILL.md","b4a5b2b70cb100c5cea2c69257449ba0b0da3387abeba45c8b50bd2efc600495"
"md","SKILL","bmm","bmm/1-analysis/research/bmad-technical-research/SKILL.md","7bfe56456a8d2676bf2469e8184a8e27fa22a482aefaa4cb2892d7ed8820e8bc"
"md","SKILL","bmm","bmm/2-plan-workflows/bmad-agent-pm/SKILL.md","5f09be0854c9c5a46e32f38ba38ac1ed6781195c50b92dcd3720c59d33e9878d"
"md","SKILL","bmm","bmm/2-plan-workflows/bmad-agent-ux-designer/SKILL.md","452c4eb335a4728c1a7264b4fb179e53b1f34ae1c57583e7a65b1fde17b4bc3a"
"md","SKILL","bmm","bmm/2-plan-workflows/bmad-create-prd/SKILL.md","24de81d7553bb136d1dfb595a3f2fbd45930ece202ea2ac258eb349b4af17b5f"
"md","SKILL","bmm","bmm/2-plan-workflows/bmad-create-ux-design/SKILL.md","ef05bacf1fbb599bd87b2780f6a5f85cfc3b4ab7e7eb2c0f5376899a1663c5a5"
"md","SKILL","bmm","bmm/2-plan-workflows/bmad-edit-prd/SKILL.md","d18f34c8efcaeb90204989c79f425585d0e872ac02f231f3832015b100d0d04b"
"md","SKILL","bmm","bmm/2-plan-workflows/bmad-validate-prd/SKILL.md","34241cb23b07aae6e931899abb998974ccdb1a2586c273f2f448aff8a0407c52"
"md","SKILL","bmm","bmm/3-solutioning/bmad-agent-architect/SKILL.md","1039d1e9219b8f5e671b419f043dca52f0e19f94d3e50316c5a8917bc748aa41"
"md","SKILL","bmm","bmm/3-solutioning/bmad-check-implementation-readiness/SKILL.md","307f083fc05c9019b5e12317576965acbcfbd4774cf64ef56c7afcb15d00a199"
"md","SKILL","bmm","bmm/3-solutioning/bmad-create-architecture/SKILL.md","ed60779d105d4d55f9d182fcdfd4a48b361330cd15120fef8b9d8a2a2432e3bf"
"md","SKILL","bmm","bmm/3-solutioning/bmad-create-epics-and-stories/SKILL.md","ec3675d2ab763e7050e5cc2975326b4a37c68ebbc2f4d27458d552f4071939d4"
"md","SKILL","bmm","bmm/3-solutioning/bmad-generate-project-context/SKILL.md","504447984a6c5ea30a14e4dacdd6627dc6bec67d6d51eddd2f328d74db8e6a82"
"md","SKILL","bmm","bmm/4-implementation/bmad-agent-dev/SKILL.md","8e387e4f89ba512eefc4dfeaced01d427577bfa5e2fc6244c758205095cddf11"
"md","SKILL","bmm","bmm/4-implementation/bmad-agent-qa/SKILL.md","65c2c82351febd52ed94566753ff57b15631e60ba7408e61aa92799815feb32d"
"md","SKILL","bmm","bmm/4-implementation/bmad-agent-quick-flow-solo-dev/SKILL.md","aa548300965db095ea3bdc5411c398fc6a6640172ed5ce22555beaddbd05c6d1"
"md","SKILL","bmm","bmm/4-implementation/bmad-agent-sm/SKILL.md","83472c98a2b5de7684ea1f0abe5fedb3c7056053b9e65c7fdd5398832fff9e43"
"md","SKILL","bmm","bmm/4-implementation/bmad-code-review/SKILL.md","baca10e0257421b41bb07dc23cd4768e57f55f1aebe7b19e702d0b77a7f39a01"
"md","SKILL","bmm","bmm/4-implementation/bmad-correct-course/SKILL.md","400a2fd76a3818b9023a1a69a6237c20b93b5dd51dce1d507a38c10baaaba8cd"
"md","SKILL","bmm","bmm/4-implementation/bmad-create-story/SKILL.md","b1d6b9fbfee53246b46ae1096ada624d1e60c21941e2054fee81c46e1ec079d5"
"md","SKILL","bmm","bmm/4-implementation/bmad-dev-story/SKILL.md","60df7fead13be7cc33669f34fe4d929d95655f8e839f7e5cd5bb715313e17133"
"md","SKILL","bmm","bmm/4-implementation/bmad-qa-generate-e2e-tests/SKILL.md","2915faf44ebc7bb2783c206bf1e4b82bbff6b35651aa01e33b270ab244ce2dc6"
"md","SKILL","bmm","bmm/4-implementation/bmad-quick-dev/SKILL.md","e4af8798c1cf8bd4f564520270e287a2aa52c1030de76c9c4e04208ae5cdf12d"
"md","SKILL","bmm","bmm/4-implementation/bmad-retrospective/SKILL.md","d5bfc70a01ac9f131716827b5345cf3f7bfdda562c7c66ea2c7a7bd106f44e23"
"md","SKILL","bmm","bmm/4-implementation/bmad-sprint-planning/SKILL.md","7b5f68dcf95c8c9558bda0e4ba55637b0e8f9254577d7ac28072bb9f22c63d94"
"md","SKILL","bmm","bmm/4-implementation/bmad-sprint-status/SKILL.md","fc393cadb4a05050cb847471babbc10ecb65f0cb85da6e61c2cec65bb5dfc73d"
"md","source-tree-template","bmm","bmm/1-analysis/bmad-document-project/templates/source-tree-template.md","109bc335ebb22f932b37c24cdc777a351264191825444a4d147c9b82a1e2ad7a"
"md","spec-template","bmm","bmm/4-implementation/bmad-quick-dev/spec-template.md","714bb6eab8684240af0032dae328942887d8ffbe8ee1de66e986f86076694e5d"
"md","step-01-clarify-and-route","bmm","bmm/4-implementation/bmad-quick-dev/step-01-clarify-and-route.md","10565e87d85c31f6cce36734006e804c349e2bdf3ff26c47f2c72a4e34b4b28a"
"md","step-01-discover","bmm","bmm/3-solutioning/bmad-generate-project-context/steps/step-01-discover.md","8b2c8c7375f8a3c28411250675a28c0d0a9174e6c4e67b3d53619888439c4613"
"md","step-01-document-discovery","bmm","bmm/3-solutioning/bmad-check-implementation-readiness/steps/step-01-document-discovery.md","56e748671877fa3e34ffaab5c531801e7b72b6b59ee29a2f479e5f904a93d7af"
"md","step-01-gather-context","bmm","bmm/4-implementation/bmad-code-review/steps/step-01-gather-context.md","211f387c4b2172ff98c2f5c5df0fedc4127c47d85b5ec69bbcfb774d3e16fec5"
"md","step-01-init","bmm","bmm/1-analysis/research/bmad-domain-research/domain-steps/step-01-init.md","efee243f13ef54401ded88f501967b8bc767460cec5561b2107fc03fe7b7eab1"
"md","step-01-init","bmm","bmm/1-analysis/research/bmad-market-research/steps/step-01-init.md","64d5501aea0c0005db23a0a4d9ee84cf4e9239f553c994ecc6b1356917967ccc"
"md","step-01-init","bmm","bmm/1-analysis/research/bmad-technical-research/technical-steps/step-01-init.md","c9a1627ecd26227e944375eb691e7ee6bc9f5db29a428a5d53e5d6aef8bb9697"
"md","step-01-init","bmm","bmm/2-plan-workflows/bmad-create-prd/steps-c/step-01-init.md","922f59e960569f68bbf0d2c17ecdca74e9d9b92c6a802a5ea888e10774be7738"
"md","step-01-init","bmm","bmm/2-plan-workflows/bmad-create-ux-design/steps/step-01-init.md","0b257533a0ce34d792f621da35325ec11cb883653e3ad546221ee1f0dee5edcd"
"md","step-01-init","bmm","bmm/3-solutioning/bmad-create-architecture/steps/step-01-init.md","5119205b712ebda0cd241c3daad217bb0f6fa9e6cb41d6635aec6b7fe83b838a"
"md","step-01-validate-prerequisites","bmm","bmm/3-solutioning/bmad-create-epics-and-stories/steps/step-01-validate-prerequisites.md","5c2aabc871363d84fc2e12fd83a3889e9d752b6bd330e31a0067c96204dd4880"
"md","step-01b-continue","bmm","bmm/2-plan-workflows/bmad-create-prd/steps-c/step-01b-continue.md","bdc3677aa220c4822b273d9bc8579669e003cc96d49475ddb3116bdef759cf04"
"md","step-01b-continue","bmm","bmm/2-plan-workflows/bmad-create-ux-design/steps/step-01b-continue.md","4d42c6b83eaa720975bf2206a7eea1a8c73ae922668cc2ef03d34c49ab066c19"
"md","step-01b-continue","bmm","bmm/3-solutioning/bmad-create-architecture/steps/step-01b-continue.md","4bf216008297dcea25f8be693109cf17879c621865b302c994cdd15aa5124e5f"
"md","step-02-context","bmm","bmm/3-solutioning/bmad-create-architecture/steps/step-02-context.md","4381c5128de7d5c02ac806a1263e3965754bd2598954f3188219fbd87567e5c9"
"md","step-02-customer-behavior","bmm","bmm/1-analysis/research/bmad-market-research/steps/step-02-customer-behavior.md","bac4de244049f90d1f2eb95e2cc9389cc84966d9538077fef1ec9c35e4533849"
"md","step-02-design-epics","bmm","bmm/3-solutioning/bmad-create-epics-and-stories/steps/step-02-design-epics.md","44b8859c4f9e6c8275b44be1c8d36f5360b54db7c54b8d4d1b61e865b33d51d8"
"md","step-02-discovery","bmm","bmm/2-plan-workflows/bmad-create-prd/steps-c/step-02-discovery.md","4ef0a3e62c05bfe90fbeca03d58ada11017098523a563003d574462d65f51e78"
"md","step-02-discovery","bmm","bmm/2-plan-workflows/bmad-create-ux-design/steps/step-02-discovery.md","9ffd5b31cc869b564e4d78cdc70767f0fb1b04db4c40201ccfa9dde75739fa8d"
"md","step-02-domain-analysis","bmm","bmm/1-analysis/research/bmad-domain-research/domain-steps/step-02-domain-analysis.md","385a288d9bbb0adf050bcce4da4dad198a9151822f9766900404636f2b0c7f9d"
"md","step-02-generate","bmm","bmm/3-solutioning/bmad-generate-project-context/steps/step-02-generate.md","b1f063edae66a74026b67a79a245cec7ee85438bafcacfc70dcf6006b495e060"
"md","step-02-plan","bmm","bmm/4-implementation/bmad-quick-dev/step-02-plan.md","28fd4b9c107c3d63188e6b0e3c5c31ed523045324865024ab389e8b6d84e67f4"
"md","step-02-prd-analysis","bmm","bmm/3-solutioning/bmad-check-implementation-readiness/steps/step-02-prd-analysis.md","47538848da0207cc929613ee9294ec317d05404ab19d7a9af612bf757d2a5950"
"md","step-02-review","bmm","bmm/4-implementation/bmad-code-review/steps/step-02-review.md","6c0f85f7be5d1e28af1a538f4393ec4a766c4f2ae6eb3e8fb69cb64a5b0bd325"
"md","step-02-technical-overview","bmm","bmm/1-analysis/research/bmad-technical-research/technical-steps/step-02-technical-overview.md","9c7582241038b16280cddce86f2943216541275daf0a935dcab78f362904b305"
"md","step-02b-vision","bmm","bmm/2-plan-workflows/bmad-create-prd/steps-c/step-02b-vision.md","641fcd72722c34850bf2daf38a4dfc544778999383aa9b33b4e7569de5860721"
"md","step-02c-executive-summary","bmm","bmm/2-plan-workflows/bmad-create-prd/steps-c/step-02c-executive-summary.md","7abf23a4ae7a7e1653cb86d90fdb1698cbe876628de3273b5638cfb05e34b615"
"md","step-03-competitive-landscape","bmm","bmm/1-analysis/research/bmad-domain-research/domain-steps/step-03-competitive-landscape.md","f10aa088ba00c59491507f6519fb314139f8be6807958bb5fd1b66bff2267749"
"md","step-03-complete","bmm","bmm/3-solutioning/bmad-generate-project-context/steps/step-03-complete.md","cf8d1d1904aeddaddb043c3c365d026cd238891cd702c2b78bae032a8e08ae17"
"md","step-03-core-experience","bmm","bmm/2-plan-workflows/bmad-create-ux-design/steps/step-03-core-experience.md","1f58c8a2f6872f468629ecb67e94f793af9d10d2804fe3e138eba03c090e00c5"
"md","step-03-create-stories","bmm","bmm/3-solutioning/bmad-create-epics-and-stories/steps/step-03-create-stories.md","c5b787a82e4e49ed9cd9c028321ee1689f32b8cd69d89eea609b37cd3d481afc"
"md","step-03-customer-pain-points","bmm","bmm/1-analysis/research/bmad-market-research/steps/step-03-customer-pain-points.md","5b2418ccaaa89291c593efed0311b3895faad1e9181800d382da823a8eb1312a"
"md","step-03-epic-coverage-validation","bmm","bmm/3-solutioning/bmad-check-implementation-readiness/steps/step-03-epic-coverage-validation.md","1935d218641b8e19af9764543ada4d04b58b2ba885a1c41a67194c8f1436d73d"
"md","step-03-implement","bmm","bmm/4-implementation/bmad-quick-dev/step-03-implement.md","eebcaa976b46b56562bc961d81d57ea52a4ba2eb6daaff75e92448bb8b85d6a2"
"md","step-03-integration-patterns","bmm","bmm/1-analysis/research/bmad-technical-research/technical-steps/step-03-integration-patterns.md","005d517a2f962e2172e26b23d10d5e6684c7736c0d3982e27b2e72d905814ad9"
"md","step-03-starter","bmm","bmm/3-solutioning/bmad-create-architecture/steps/step-03-starter.md","b7727e0f37bc5325e15abad1c54bef716d617df423336090189efd1d307a0b3f"
"md","step-03-success","bmm","bmm/2-plan-workflows/bmad-create-prd/steps-c/step-03-success.md","3959db0848f9a4c99f80ac8d59855f9bb77f833475d3d5512e623d62b52b86dc"
"md","step-03-triage","bmm","bmm/4-implementation/bmad-code-review/steps/step-03-triage.md","91eaa27f6a167702ead00da9e93565c9bff79dce92c02eccbca61b1d1ed39a80"
"md","step-04-architectural-patterns","bmm","bmm/1-analysis/research/bmad-technical-research/technical-steps/step-04-architectural-patterns.md","4636f23e9c585a7a0c90437a660609d913f16362c3557fc2e71d408d6b9f46ce"
"md","step-04-customer-decisions","bmm","bmm/1-analysis/research/bmad-market-research/steps/step-04-customer-decisions.md","f0bc25f2179b7490e7a6704159a32fc9e83ab616022355ed53acfe8e2f7059d5"
"md","step-04-decisions","bmm","bmm/3-solutioning/bmad-create-architecture/steps/step-04-decisions.md","7fc0ebb63ab5ad0efc470f1063c15f14f52f5d855da2382fd17576cf060a8763"
"md","step-04-emotional-response","bmm","bmm/2-plan-workflows/bmad-create-ux-design/steps/step-04-emotional-response.md","75724811b170c8897e230a49e968e1db357fef3387008b0906b5ff79a43dbff9"
"md","step-04-final-validation","bmm","bmm/3-solutioning/bmad-create-epics-and-stories/steps/step-04-final-validation.md","6be228c80a97a74fe6b2dca7ded26fdbca3524a4c8590942e150f24e16da68f3"
"md","step-04-journeys","bmm","bmm/2-plan-workflows/bmad-create-prd/steps-c/step-04-journeys.md","a9f2b74f06230916f66a1cf42437e4173061a157642c5eaf0d985d4078872526"
"md","step-04-present","bmm","bmm/4-implementation/bmad-code-review/steps/step-04-present.md","7c9a738036845c9fa9fcfaff3f3efd87123e75749877f334b781b25c9765f59c"
"md","step-04-regulatory-focus","bmm","bmm/1-analysis/research/bmad-domain-research/domain-steps/step-04-regulatory-focus.md","d22035529efe91993e698b4ebf297bf2e7593eb41d185a661c357a8afc08977b"
"md","step-04-review","bmm","bmm/4-implementation/bmad-quick-dev/step-04-review.md","e441bf5a69951ec2597c485b07dd50f8d18a1ea9cf6535ac052f03b0d0e0ecd0"
"md","step-04-ux-alignment","bmm","bmm/3-solutioning/bmad-check-implementation-readiness/steps/step-04-ux-alignment.md","f71e5f0d77615e885ae40fdee6b04c1dd6e472c871f87b515fe869cb5f6966fb"
"md","step-05-competitive-analysis","bmm","bmm/1-analysis/research/bmad-market-research/steps/step-05-competitive-analysis.md","17532051ad232cfc859f09ac3b44f9f4d542eb24cff8d07317126ccdff0d225a"
"md","step-05-domain","bmm","bmm/2-plan-workflows/bmad-create-prd/steps-c/step-05-domain.md","983617d33fe6b7e911f34cf6a2adb86be595952ab9a7c7308e7f6b3858b39a12"
"md","step-05-epic-quality-review","bmm","bmm/3-solutioning/bmad-check-implementation-readiness/steps/step-05-epic-quality-review.md","d8a84e57f4e3a321734b5b5d093458ceb1e338744f18954c5a204f5ce3576185"
"md","step-05-implementation-research","bmm","bmm/1-analysis/research/bmad-technical-research/technical-steps/step-05-implementation-research.md","e2b8a2c79bcebadc85f3823145980fa47d7e7be8d1c112f686c6223c8c138608"
"md","step-05-inspiration","bmm","bmm/2-plan-workflows/bmad-create-ux-design/steps/step-05-inspiration.md","b0cadcd4665c46d2e6e89bdb45ddfdd4e4aac47b901e59aa156b935878a2b124"
"md","step-05-patterns","bmm","bmm/3-solutioning/bmad-create-architecture/steps/step-05-patterns.md","3c80aba507aa46893ef43f07c5c321b985632ef57abc82d5ee93c3d9c2911134"
"md","step-05-present","bmm","bmm/4-implementation/bmad-quick-dev/step-05-present.md","b7d54e83f9a88f1d151d94d8facd6bc8f91ea1494eab6d83f74f3905d85c5018"
"md","step-05-technical-trends","bmm","bmm/1-analysis/research/bmad-domain-research/domain-steps/step-05-technical-trends.md","fd6c577010171679f630805eb76e09daf823c2b9770eb716986d01f351ce1fb4"
"md","step-06-design-system","bmm","bmm/2-plan-workflows/bmad-create-ux-design/steps/step-06-design-system.md","1c71e452916c5b9ed000af4dd1b83954ae16887463c73776251e1e734e7d7641"
"md","step-06-final-assessment","bmm","bmm/3-solutioning/bmad-check-implementation-readiness/steps/step-06-final-assessment.md","dbc3a5e94e804c5dbb89204a194d9c378fd4096f40beec976b84ce4ca26b24cf"
"md","step-06-innovation","bmm","bmm/2-plan-workflows/bmad-create-prd/steps-c/step-06-innovation.md","a0b3863e11f1dc91c73871967c26c3a2746a11c29a1cd23ee000df5b6b22f1b3"
"md","step-06-research-completion","bmm","bmm/1-analysis/research/bmad-market-research/steps/step-06-research-completion.md","ce4820d4a254b1c4c5a876910e7e8912eda8df595a71438d230119ace7f2c38b"
"md","step-06-research-synthesis","bmm","bmm/1-analysis/research/bmad-domain-research/domain-steps/step-06-research-synthesis.md","ae7ea9eec7f763073e4e1ec7ef0dd247a2c9c8f8172c84cbcb0590986c67caa2"
"md","step-06-research-synthesis","bmm","bmm/1-analysis/research/bmad-technical-research/technical-steps/step-06-research-synthesis.md","01d94ed48e86317754d1dafb328d57bd1ce8832c1f443bfd62413bbd07dcf3a1"
"md","step-06-structure","bmm","bmm/3-solutioning/bmad-create-architecture/steps/step-06-structure.md","f8333ca290b62849c1e2eb2f770b46705b09fe0322217b699b13be047efdd03e"
"md","step-07-defining-experience","bmm","bmm/2-plan-workflows/bmad-create-ux-design/steps/step-07-defining-experience.md","17f78d679a187cfb703c2cd30eea84d9dd683f3708d24885421239338eea4edd"
"md","step-07-project-type","bmm","bmm/2-plan-workflows/bmad-create-prd/steps-c/step-07-project-type.md","ba60660354a1aa7dff8a03bfff79ace4589af13e3a2945ae78157a33abd12f17"
"md","step-07-validation","bmm","bmm/3-solutioning/bmad-create-architecture/steps/step-07-validation.md","95c9c9102ddfb23969adecc84c45bc61aa1e58dbdff6d25111ac85e17ff99353"
"md","step-08-complete","bmm","bmm/3-solutioning/bmad-create-architecture/steps/step-08-complete.md","2bdb9f1a149eb8e075c734f086b977709baeeb3d7ca0c2c998997e3c0ce2f532"
"md","step-08-scoping","bmm","bmm/2-plan-workflows/bmad-create-prd/steps-c/step-08-scoping.md","b1273a563a4cb440901bcda12ffdb27a37694c4cc4431196396d07a3737ae0aa"
"md","step-08-visual-foundation","bmm","bmm/2-plan-workflows/bmad-create-ux-design/steps/step-08-visual-foundation.md","985b4da65435114529056f33ff583ec4d1b29feb3550494ae741b6dbb89798a9"
"md","step-09-design-directions","bmm","bmm/2-plan-workflows/bmad-create-ux-design/steps/step-09-design-directions.md","07962c637e69a612a904efccf6188b7f08c9e484d4d7369c74cd0de7da0cb1e3"
"md","step-09-functional","bmm","bmm/2-plan-workflows/bmad-create-prd/steps-c/step-09-functional.md","4880a2f02fdc43964bd753c733c7800b9ccf6b1ccf194b2a8c3f09f1ad85843c"
"md","step-10-nonfunctional","bmm","bmm/2-plan-workflows/bmad-create-prd/steps-c/step-10-nonfunctional.md","afde3cd586227cec7863267518667605e9487025a9c0f3b7f220c66adbbc347c"
"md","step-10-user-journeys","bmm","bmm/2-plan-workflows/bmad-create-ux-design/steps/step-10-user-journeys.md","eabe15745e6b68df06833bca103c704d31094c8f070c84e35f1ee9b0c28d10bd"
"md","step-11-component-strategy","bmm","bmm/2-plan-workflows/bmad-create-ux-design/steps/step-11-component-strategy.md","52a1d0230160124496467ddbe26dd9cc4ae7d9afceaea987aad658e1bb195f59"
"md","step-11-polish","bmm","bmm/2-plan-workflows/bmad-create-prd/steps-c/step-11-polish.md","7648f29eda46aa75dd3a23045d9e8513995a7c56e18ac28f4912b5d05340b9cc"
"md","step-12-complete","bmm","bmm/2-plan-workflows/bmad-create-prd/steps-c/step-12-complete.md","cce81ef9c88e910ea729710ab7104ee23c323479f90375208d3910abe0a5adcf"
"md","step-12-ux-patterns","bmm","bmm/2-plan-workflows/bmad-create-ux-design/steps/step-12-ux-patterns.md","37215fe8ea33247e9a31b5f8b8fe3b36448d7f743c18803e4d5054c201348be8"
"md","step-13-responsive-accessibility","bmm","bmm/2-plan-workflows/bmad-create-ux-design/steps/step-13-responsive-accessibility.md","b80c7e6c3898bac66af1ca81bcb09a92f2793bc0711530d93e03265070041b5c"
"md","step-14-complete","bmm","bmm/2-plan-workflows/bmad-create-ux-design/steps/step-14-complete.md","f308bf80b6a7d4490a858fb30d17fc4fa3105655cbc437aa07e54fab26889251"
"md","step-e-01-discovery","bmm","bmm/2-plan-workflows/bmad-edit-prd/steps-e/step-e-01-discovery.md","a0297433200742d5fa0a93b19c1175dc68a69ae57004ff7409b6dc2813102802"
"md","step-e-01b-legacy-conversion","bmm","bmm/2-plan-workflows/bmad-edit-prd/steps-e/step-e-01b-legacy-conversion.md","582550bc46eba21b699b89c96c4c33c4330a8472fa5b537ad30ac3c551027f9c"
"md","step-e-02-review","bmm","bmm/2-plan-workflows/bmad-edit-prd/steps-e/step-e-02-review.md","95610b5736547894b03bc051022a48143f050d80059a286a49d96b28a10e6050"
"md","step-e-03-edit","bmm","bmm/2-plan-workflows/bmad-edit-prd/steps-e/step-e-03-edit.md","e8315a19fca7de14d4114d2adb1accf62945957c3696c3f0f021295cfdf8a5a1"
"md","step-e-04-complete","bmm","bmm/2-plan-workflows/bmad-edit-prd/steps-e/step-e-04-complete.md","844c02e09659679ab3837b51f98ce0779035d4660bd42f11ee1d338f95b57e3f"
"md","step-oneshot","bmm","bmm/4-implementation/bmad-quick-dev/step-oneshot.md","e1b2c98ea397a49c738ab6bbb50f05aa8756acf6152241bda76e5e4722128548"
"md","step-v-01-discovery","bmm","bmm/2-plan-workflows/bmad-validate-prd/steps-v/step-v-01-discovery.md","65c4686abf818f35eeeff7cf7d31646b9693f3b8aaaa04eac7c97e9be0572a57"
"md","step-v-01-discovery","bmm","bmm/2-plan-workflows/create-prd/steps-v/step-v-01-discovery.md","85e9b433cfb634b965240597739cc517837c136a4ca64bc88c0afe828b363740"
"md","step-v-02-format-detection","bmm","bmm/2-plan-workflows/bmad-validate-prd/steps-v/step-v-02-format-detection.md","c27ea549b1414a9a013c6e334daf278bc26e7101879fd5832eb57ed275daeb0d"
"md","step-v-02-format-detection","bmm","bmm/2-plan-workflows/create-prd/steps-v/step-v-02-format-detection.md","251ea5a1cf7779db2dc39d5d8317976a27f84b421359c1974ae96c0943094341"
"md","step-v-02b-parity-check","bmm","bmm/2-plan-workflows/bmad-validate-prd/steps-v/step-v-02b-parity-check.md","5216fea52f9bbcb76a8ea9b9e80c98c51c529342e448dcf75c449ffa6fbaa45f"
"md","step-v-02b-parity-check","bmm","bmm/2-plan-workflows/create-prd/steps-v/step-v-02b-parity-check.md","3481beae212bb0140c105d0ae87bb9714859c93a471048048512fd1278da2fcd"
"md","step-v-03-density-validation","bmm","bmm/2-plan-workflows/bmad-validate-prd/steps-v/step-v-03-density-validation.md","1eed2b7eea8745edefbee124e9c9aff1e75a1176b8ba3bad42cfcf9b7c2f2a1c"
"md","step-v-03-density-validation","bmm","bmm/2-plan-workflows/create-prd/steps-v/step-v-03-density-validation.md","5b95ecd032fb65f86b7eee7ce7c30c997dc2a8b5e4846d88c2853538591a9e40"
"md","step-v-04-brief-coverage-validation","bmm","bmm/2-plan-workflows/bmad-validate-prd/steps-v/step-v-04-brief-coverage-validation.md","7b870fea072193271c9dc80966b0777cbc892a85912a273ba184f2d19fc68c47"
"md","step-v-04-brief-coverage-validation","bmm","bmm/2-plan-workflows/create-prd/steps-v/step-v-04-brief-coverage-validation.md","97eb248c7d67e6e5121dd0b020409583998fba433799ea4c5c8cb40c7ff9c7c1"
"md","step-v-05-measurability-validation","bmm","bmm/2-plan-workflows/bmad-validate-prd/steps-v/step-v-05-measurability-validation.md","06a8762b225e7d77f9c1b9f5be8783bcced29623f3a3bc8dbf7ea109b531c0ae"
"md","step-v-05-measurability-validation","bmm","bmm/2-plan-workflows/create-prd/steps-v/step-v-05-measurability-validation.md","2f331ee6d4f174dec0e4b434bf7691bfcf3a13c6ee0c47a65989badaa6b6a28c"
"md","step-v-06-traceability-validation","bmm","bmm/2-plan-workflows/bmad-validate-prd/steps-v/step-v-06-traceability-validation.md","58b89788683540c3122f886ca7a6191866a3abb2851bd505faa3fc9ab46a73c4"
"md","step-v-06-traceability-validation","bmm","bmm/2-plan-workflows/create-prd/steps-v/step-v-06-traceability-validation.md","970ea67486211a611a701e1490ab7e8f2f98060a9f78760b6ebfdb9f37743c74"
"md","step-v-07-implementation-leakage-validation","bmm","bmm/2-plan-workflows/bmad-validate-prd/steps-v/step-v-07-implementation-leakage-validation.md","aeab46b20c6aafc4b1d369c65ccf02a1fc5f7de60cbffddf7719e2899de6fe28"
"md","step-v-07-implementation-leakage-validation","bmm","bmm/2-plan-workflows/create-prd/steps-v/step-v-07-implementation-leakage-validation.md","f75d1d808fdf3d61b15bea55418b82df747f45902b6b22fe541e83b4ea3fa465"
"md","step-v-08-domain-compliance-validation","bmm","bmm/2-plan-workflows/bmad-validate-prd/steps-v/step-v-08-domain-compliance-validation.md","1be1de3adc40ded63e3662a75532fa1b13c28596b3b49204fbda310f6fa5f0da"
"md","step-v-08-domain-compliance-validation","bmm","bmm/2-plan-workflows/create-prd/steps-v/step-v-08-domain-compliance-validation.md","a1902baaf4eaaf946e5c2c2101a1ac46f8ee4397e599218b8dc030cd00c97512"
"md","step-v-09-project-type-validation","bmm","bmm/2-plan-workflows/bmad-validate-prd/steps-v/step-v-09-project-type-validation.md","fffbf78461186456a5ca72b2b9811cb391476c1d1af0301ff71b8f73198c88d1"
"md","step-v-09-project-type-validation","bmm","bmm/2-plan-workflows/create-prd/steps-v/step-v-09-project-type-validation.md","d53e95264625335184284d3f9d0fc6e7674f67bdf97e19362fc33df4bea7f096"
"md","step-v-10-smart-validation","bmm","bmm/2-plan-workflows/bmad-validate-prd/steps-v/step-v-10-smart-validation.md","81bf3fbe84054b51cb36b673a3877c65c9b790acd502a9a8a01f76899f5f4f4c"
"md","step-v-10-smart-validation","bmm","bmm/2-plan-workflows/create-prd/steps-v/step-v-10-smart-validation.md","b3c21cfcb8928ee447e12ba321af957a57385d0a2d2595deb6908212ec1c9692"
"md","step-v-11-holistic-quality-validation","bmm","bmm/2-plan-workflows/bmad-validate-prd/steps-v/step-v-11-holistic-quality-validation.md","4be7756dce12a6c7c5de6a551716d9e3b1df1f5d9d87fc28efb95fe6960cd3ce"
"md","step-v-11-holistic-quality-validation","bmm","bmm/2-plan-workflows/create-prd/steps-v/step-v-11-holistic-quality-validation.md","db07ecc3af8720c15d2801b547237d6ec74523883e361a9c03c0bd09b127bee3"
"md","step-v-12-completeness-validation","bmm","bmm/2-plan-workflows/bmad-validate-prd/steps-v/step-v-12-completeness-validation.md","20371cf379d396292dd63ad721fe48258853048e10cd9ecb8998791194fe4236"
"md","step-v-12-completeness-validation","bmm","bmm/2-plan-workflows/create-prd/steps-v/step-v-12-completeness-validation.md","c966933a0ca3753db75591325cef4d4bdaf9639a1a63f9438758d32f7e1a1dda"
"md","step-v-13-report-complete","bmm","bmm/2-plan-workflows/bmad-validate-prd/steps-v/step-v-13-report-complete.md","5df1fe4427273411bc55051519edf89e36ae46b5435240664ead8ffac6842d85"
"md","step-v-13-report-complete","bmm","bmm/2-plan-workflows/create-prd/steps-v/step-v-13-report-complete.md","a48cb9e8202f66a24798ef50e66b2fa11422560085aa40bb6a057fadc53353af"
"md","template","bmm","bmm/4-implementation/bmad-create-story/template.md","29ba697368d77e88e88d0e7ac78caf7a78785a7dcfc291082aa96a62948afb67"
"md","ux-design-template","bmm","bmm/2-plan-workflows/bmad-create-ux-design/ux-design-template.md","ffa4b89376cd9db6faab682710b7ce755990b1197a8b3e16b17748656d1fca6a"
"md","validate-doc","bmm","bmm/1-analysis/bmad-agent-tech-writer/validate-doc.md","3b8d25f60be191716266726393f2d44b77262301b785a801631083b610d6acc5"
"md","web-researcher","bmm","bmm/1-analysis/bmad-product-brief/agents/web-researcher.md","66aadb087f9bb3e7d05787c8f30237247ad3b90f241d342838e4ca95ed0d0260"
"md","workflow","bmm","bmm/1-analysis/bmad-document-project/workflow.md","946a5e79552769a0254791f4faab719e1fce0b0ca5163c8948e3ab7f6bbd77e9"
"md","workflow","bmm","bmm/1-analysis/research/bmad-domain-research/workflow.md","8f50250c35786710b7a380404791ce5d04834f5c381abb297a6d1adc2a5007f8"
"md","workflow","bmm","bmm/1-analysis/research/bmad-market-research/workflow.md","b10298a8ccb939ed49f7c171f4ca9e3fe415980ebddf6bce78a7c375ef92eb84"
"md","workflow","bmm","bmm/1-analysis/research/bmad-technical-research/workflow.md","69da7541ebac524a905218470c1f91e93ef631b7993629ada9e5224598e93f3f"
"md","workflow","bmm","bmm/2-plan-workflows/bmad-create-prd/workflow.md","e40e1e72e3130d0189f77ae79f1ab242d504d963bf53c2a52e1fce8c0bc7e06e"
"md","workflow","bmm","bmm/2-plan-workflows/bmad-create-ux-design/workflow.md","d3f718aca12f9618e4271480bd76835e7f33961a4c168ce5aaec9e5a3a083c76"
"md","workflow","bmm","bmm/2-plan-workflows/bmad-edit-prd/workflow.md","96f09f2e6ebd990c5edc435d6c79bdccaef5e0629d7ae211812ac91a6f337fb6"
"md","workflow","bmm","bmm/2-plan-workflows/bmad-validate-prd/workflow.md","fbb45a58c4049d7a6a569071e3e58eb03ff3a84ed29a6f2437f49ea2902d1790"
"md","workflow","bmm","bmm/3-solutioning/bmad-check-implementation-readiness/workflow.md","0e1f1c49ee3d1965fa2378728ad5ebf8bb9d97aee67adf44993a672fbc0c85e8"
"md","workflow","bmm","bmm/3-solutioning/bmad-create-architecture/workflow.md","7845e7b62ca44da48fac9d732be43e83fe312a8bc83dd9e06574fbbc629c3b49"
"md","workflow","bmm","bmm/3-solutioning/bmad-create-epics-and-stories/workflow.md","204ce6a9fb23b63d8c254673d073f51202277dc280f9d9a535c2763aeb878a03"
"md","workflow","bmm","bmm/3-solutioning/bmad-generate-project-context/workflow.md","9d804dcdc199ae91f27f43276069e1924d660d506f455931c99759a3fd7d305d"
"md","workflow","bmm","bmm/4-implementation/bmad-code-review/workflow.md","329c5b98aedf092cc1e3cd56a73a19a68edac0693ff9481abc88336852dbffd0"
"md","workflow","bmm","bmm/4-implementation/bmad-correct-course/workflow.md","799510be917f90f0921ab27143a99c6a6b154af2e7afb3cf9729bde84a0bae6f"
"md","workflow","bmm","bmm/4-implementation/bmad-create-story/workflow.md","5ef89f34fe47a6f83d4dc3c3e1d29bbdea58838122549f60a6bc53046825305d"
"md","workflow","bmm","bmm/4-implementation/bmad-dev-story/workflow.md","96109fde74e4a6743acb6d3b70f83b6ceddc48dc7dc5fbb4a7a5142ecc0fc51e"
"md","workflow","bmm","bmm/4-implementation/bmad-qa-generate-e2e-tests/workflow.md","f399bfecbdd005b3f2de1ce15f5ab693776aded6e7d92e104f1f1a66fbcfc85e"
"md","workflow","bmm","bmm/4-implementation/bmad-quick-dev/workflow.md","cdf74759876665a2dedd9788a979302a176d8d2790017756217ad588cee7f89e"
"md","workflow","bmm","bmm/4-implementation/bmad-retrospective/workflow.md","aa0c39d871f653d19131c4c13e84bf40d7b7c764aad9e117fc328008fbd356b1"
"md","workflow","bmm","bmm/4-implementation/bmad-sprint-planning/workflow.md","6d4714a4d13d2a4f603062111fd46e6e8c69d0793b3501495b5d3826fbd0af4d"
"md","workflow","bmm","bmm/4-implementation/bmad-sprint-status/workflow.md","61c96b0bca5c720b3f8d9aac459611955add277e19716db796f211bad94d4e70"
"md","workflow-validate-prd","bmm","bmm/2-plan-workflows/create-prd/workflow-validate-prd.md","2a414986b4369622de815fb97f7b825ccf48962472c65c19ea985175dcdc5e6c"
"md","write-document","bmm","bmm/1-analysis/bmad-agent-tech-writer/write-document.md","c0ddfd981f765b82cba0921dad331cd1fa32bacdeea1f02320edfd60a0ae7e6f"
"yaml","bmad-skill-manifest","bmm","bmm/1-analysis/bmad-agent-analyst/bmad-skill-manifest.yaml","bc352201cf3b41252ca0c107761efd771f3e37ece9426d7dbf483e0fc6593049"
"yaml","bmad-skill-manifest","bmm","bmm/1-analysis/bmad-agent-tech-writer/bmad-skill-manifest.yaml","35ea1ff2681f199412056d3252b88b98bd6d4a3d69bb486c922a055c23568d69"
"yaml","bmad-skill-manifest","bmm","bmm/2-plan-workflows/bmad-agent-pm/bmad-skill-manifest.yaml","b0a09b8c8fd3c8315a503067e62624415a00b91d91d83177b95357f02b18db98"
"yaml","bmad-skill-manifest","bmm","bmm/2-plan-workflows/bmad-agent-ux-designer/bmad-skill-manifest.yaml","9d319a393c7c58a47dbf7c7f3c4bb2b4756e210ac6d29a0c3c811ff66d4d2ec1"
"yaml","bmad-skill-manifest","bmm","bmm/3-solutioning/bmad-agent-architect/bmad-skill-manifest.yaml","4de683765970ef12294035164417121ac77c4c118947cdbf4af58ea7cfee858b"
"yaml","bmad-skill-manifest","bmm","bmm/4-implementation/bmad-agent-dev/bmad-skill-manifest.yaml","ad2bb1387b0b7330cdc549a619706483c3b0d70792b91deb1ca575db8f8f523f"
"yaml","bmad-skill-manifest","bmm","bmm/4-implementation/bmad-agent-qa/bmad-skill-manifest.yaml","00e680311146df8b7e4f1da1ecf88ff7c6da87049becb3551139f83fca1a3563"
"yaml","bmad-skill-manifest","bmm","bmm/4-implementation/bmad-agent-quick-flow-solo-dev/bmad-skill-manifest.yaml","6c3c47eb61554b1d8cd9ccdf202ffff2f20bb8ab7966356ae82825dc2ae3171f"
"yaml","bmad-skill-manifest","bmm","bmm/4-implementation/bmad-agent-sm/bmad-skill-manifest.yaml","ac92ed5eb5dd6e2975fc9a2170ef2c6d917872521979d349ec5f5a14e323dbf6"
"yaml","config","bmm","bmm/config.yaml","38b67cfb7d9f8fd951cd6ff7eb0ae6565a04f6af27032752992e6af4c74521d7"
"yaml","sprint-status-template","bmm","bmm/4-implementation/bmad-sprint-planning/sprint-status-template.yaml","b46a7bfb7d226f00bd064f111e527eee54ad470d177382a9a15f1a6dde21544c"
"csv","brain-methods","core","core/bmad-brainstorming/brain-methods.csv","0ab5878b1dbc9e3fa98cb72abfc3920a586b9e2b42609211bb0516eefd542039"
"csv","methods","core","core/bmad-advanced-elicitation/methods.csv","e08b2e22fec700274982e37be608d6c3d1d4d0c04fa0bae05aa9dba2454e6141"
"csv","module-help","core","core/module-help.csv","79cb3524f9ee81751b6faf549e67cbaace7fa96f71b93b09db1da8e29bf9db81"
"md","compression-rules","core","core/bmad-distillator/resources/compression-rules.md","86e53d6a2072b379864766681d1cc4e1aad3d4428ecca8c46010f7364da32724"
"md","distillate-compressor","core","core/bmad-distillator/agents/distillate-compressor.md","c00da33b39a43207a224c4043d1aa4158e90e41ab421fff0ea7cc55beec81ef8"
"md","distillate-format-reference","core","core/bmad-distillator/resources/distillate-format-reference.md","0ed0e016178f606ff7b70dd852695e94bce8da6d83954257e0b85779530bcaeb"
"md","round-trip-reconstructor","core","core/bmad-distillator/agents/round-trip-reconstructor.md","47c83f4a37249ddac38460d8c95d162f6fc175a8919888e8090aed71bd9383bc"
"md","SKILL","core","core/bmad-advanced-elicitation/SKILL.md","2d1011b1c93a4cf62d9a4b8fad876f0a45e1ad0126dbb796ed21304c5c5d8fb9"
"md","SKILL","core","core/bmad-brainstorming/SKILL.md","f4a2c22b40ed34cdbd3282dd6161a3b869902f3bc75b58e181fc9faf78eedd9d"
"md","SKILL","core","core/bmad-distillator/SKILL.md","9b404438deb17c56ddc08f7b823177687fb4a62f08f40dac8faa5a93f78e374d"
"md","SKILL","core","core/bmad-editorial-review-prose/SKILL.md","b3687fe80567378627bc2a0c5034ae8d65dfeedcf2b6c90da077f4feca462d0c"
"md","SKILL","core","core/bmad-editorial-review-structure/SKILL.md","164444359d74f695a84faf7ea558d0eef39c75561e6b26669f97a165c6f75538"
"md","SKILL","core","core/bmad-help/SKILL.md","8966c636a5ee40cc9deeba9a25df4cd2a9999d035f733711946fa6b1cc0de535"
"md","SKILL","core","core/bmad-index-docs/SKILL.md","a855d7060414e73ca4fe8e1a3e1cc4d0f2ce394846e52340bdf5a1317e0d234a"
"md","SKILL","core","core/bmad-init/SKILL.md","fd3c96b86bc02f6dac8e76e2b62b7f7a0782d4c0c6586ee414a7fb37a3bc3a4e"
"md","SKILL","core","core/bmad-party-mode/SKILL.md","558831b737cf3a6a5349b9f1338f2945da82ce2564893e642a2b49b7e62e8b3f"
"md","SKILL","core","core/bmad-review-adversarial-general/SKILL.md","7bffc39e6dba4d9123648c5d4d79e17c3c5b1efbd927c3fe0026c2dbb8d99cff"
"md","SKILL","core","core/bmad-review-edge-case-hunter/SKILL.md","f49ed9976f46b4cefa1fc8b4f0a495f16089905e6a7bbf4ce73b8f05c9ae3ee6"
"md","SKILL","core","core/bmad-shard-doc/SKILL.md","3a1538536514725fd4f31aded280ee56b9645fc61d114fd94aacb3ac52304e52"
"md","splitting-strategy","core","core/bmad-distillator/resources/splitting-strategy.md","26d3ed05f912cf99ff9ebe2353f2d84d70e3e852e23a32b1215c13416ad708b5"
"md","step-01-agent-loading","core","core/bmad-party-mode/steps/step-01-agent-loading.md","04ab6b6247564f7edcd5c503f5ca7d27ae688b09bbe2e24345550963a016e9f9"
"md","step-01-session-setup","core","core/bmad-brainstorming/steps/step-01-session-setup.md","7fd2aed9527ccdf35fc86bd4c9b27b4a530b5cfdfb90ae2b7385d3185bcd60bc"
"md","step-01b-continue","core","core/bmad-brainstorming/steps/step-01b-continue.md","49f8d78290291f974432bc8e8fce340de58ed62aa946e9e3182858bf63829920"
"md","step-02-discussion-orchestration","core","core/bmad-party-mode/steps/step-02-discussion-orchestration.md","a8a79890bd03237e20f1293045ecf06f9a62bc590f5c2d4f88e250cee40abb0b"
"md","step-02a-user-selected","core","core/bmad-brainstorming/steps/step-02a-user-selected.md","7ff3bca27286d17902ecea890494599796633e24a25ea6b31bbd6c3d2e54eba2"
"md","step-02b-ai-recommended","core","core/bmad-brainstorming/steps/step-02b-ai-recommended.md","cb77b810e0c98e080b4378999f0e250bacba4fb74c1bcb0a144cffe9989d2cbd"
"md","step-02c-random-selection","core","core/bmad-brainstorming/steps/step-02c-random-selection.md","91c6e16213911a231a41b1a55be7c939e7bbcd1463bd49cb03b5b669a90c0868"
"md","step-02d-progressive-flow","core","core/bmad-brainstorming/steps/step-02d-progressive-flow.md","6b6fbbd34bcf334d79f09e8c36ed3c9d55ddd3ebb8f8f77aa892643d1a4e3436"
"md","step-03-graceful-exit","core","core/bmad-party-mode/steps/step-03-graceful-exit.md","85e87df198fbb7ce1cf5e65937c4ad6f9ab51a2d80701979570f00519a2d9478"
"md","step-03-technique-execution","core","core/bmad-brainstorming/steps/step-03-technique-execution.md","b97afefd4ccc5234e554a3dfc5555337269ce171e730b250c756718235e9df60"
"md","step-04-idea-organization","core","core/bmad-brainstorming/steps/step-04-idea-organization.md","acb7eb6a54161213bb916cabf7d0d5084316704e792a880968fc340855cdcbbb"
"md","template","core","core/bmad-brainstorming/template.md","5c99d76963eb5fc21db96c5a68f39711dca7c6ed30e4f7d22aedee9e8bb964f9"
"md","workflow","core","core/bmad-brainstorming/workflow.md","74c87846a5cda7a4534ea592ea3125a8d8a1a88d19c94f5f4481fb28d0d16bf2"
"md","workflow","core","core/bmad-party-mode/workflow.md","e4f7328ccac68ecb7fb346c6b8f4e2e52171b63cff9070c0b382124872e673cb"
"py","analyze_sources","core","core/bmad-distillator/scripts/analyze_sources.py","31e2a8441c3c43c2536739c580cdef6abecb18ff20e7447f42dd868875783166"
"py","bmad_init","core","core/bmad-init/scripts/bmad_init.py","1b09aaadd599d12ba11bd61e86cb9ce7ce85e2d83f725ad8567b99ff00cbceeb"
"py","test_analyze_sources","core","core/bmad-distillator/scripts/tests/test_analyze_sources.py","d90525311f8010aaf8d7d9212a370468a697866190bae78c35d0aae9b7f23fdf"
"py","test_bmad_init","core","core/bmad-init/scripts/tests/test_bmad_init.py","84daa73b4e6adf4adbf203081a570b16859e090104a554ae46a295c9af3cb9bb"
"yaml","config","core","core/config.yaml","2981044ccd25695ae2f29d16dadadf5380408c06c3d4f4f5f9bac80ecf83a04f"
"yaml","core-module","core","core/bmad-init/resources/core-module.yaml","eff85de02831f466e46a6a093d860642220295556a09c59e1b7f893950a6cdc9"
